{"cameraMode":{"drawMode":0,"name":"Shaded","section":"Shading Mode"},"sceneLighting":false,"audioPlay":false,"sceneViewState":{"showFog":true,"showMaterialUpdate":false,"showSkybox":false,"showFlares":true,"showImageEffects":true,"showParticleSystems":true},"in2DMode":false,"pivot":{"x":3.0300002098083498,"y":1.0,"z":3.9200000762939455},"rotation":{"x":-0.08391492068767548,"y":0.8891203999519348,"z":-0.4118775427341461,"w":-0.18117019534111024},"size":5.827826499938965,"orthographic":false}