{"cameraMode":{"drawMode":0,"name":"Shaded","section":"Shading Mode"},"sceneLighting":false,"audioPlay":false,"sceneViewState":{"showFog":true,"showMaterialUpdate":false,"showSkybox":false,"showFlares":true,"showImageEffects":true,"showParticleSystems":true},"in2DMode":false,"pivot":{"x":8.069999694824219,"y":0.6299999952316284,"z":7.139999866485596},"rotation":{"x":-0.08391492068767548,"y":0.8891203999519348,"z":-0.4118775427341461,"w":-0.18117019534111024},"size":32.95029830932617,"orthographic":false}